{"cameraMode":{"drawMode":0,"name":"Shaded","section":"Shading Mode"},"sceneLighting":true,"audioPlay":false,"sceneViewState":{"showFog":true,"showMaterialUpdate":false,"showSkybox":true,"showFlares":true,"showImageEffects":true,"showParticleSystems":true},"in2DMode":false,"pivot":{"x":1.8964736461639405,"y":-12.014532089233399,"z":-16.98147201538086},"rotation":{"x":0.002964271930977702,"y":0.9822909832000732,"z":-0.18668816983699799,"w":0.015595988370478154},"size":56.76658248901367,"orthographic":false}