{"cameraMode":{"drawMode":0,"name":"Shaded","section":"Shading Mode"},"sceneLighting":false,"audioPlay":false,"sceneViewState":{"showFog":true,"showMaterialUpdate":false,"showSkybox":true,"showFlares":true,"showImageEffects":true,"showParticleSystems":true},"in2DMode":false,"pivot":{"x":-0.27672889828681948,"y":0.840088427066803,"z":0.6847763061523438},"rotation":{"x":0.009799189865589142,"y":0.9900285601615906,"z":-0.08964426070451737,"w":0.10821914672851563},"size":1.5789570808410645,"orthographic":false}