{"cameraMode":{"drawMode":0,"name":"Shaded","section":"Shading Mode"},"sceneLighting":true,"audioPlay":false,"sceneViewState":{"showFog":true,"showMaterialUpdate":false,"showSkybox":true,"showFlares":true,"showImageEffects":true,"showParticleSystems":true},"in2DMode":false,"pivot":{"x":-0.466082364320755,"y":0.6956402063369751,"z":1.5793968439102173},"rotation":{"x":0.0025592786259949209,"y":0.9932610392570496,"z":-0.022352147847414018,"w":0.1137247085571289},"size":0.39393430948257449,"orthographic":false}